Domain,Status,Attractiveness,Demand,Length,Sectors,Created,Expires,Registrar
brief.sale,available,124,19%,5,"Business,Education,General,Law",,,
second.sale,resell,120,23%,6,"General,Mathematics",05/12/2020 20:39,05/12/2025 20:39,"Chengdu West Dimension Digital Technology Co., Ltd."
complete.sale,available,120,21%,8,"Manufacturing,Retail,Technology",,,
tenth.sale,available,116,7%,5,Mathematics,,,
flat.sale,available,116,24%,4,"Construction,Real Estate",,,
acute.sale,available,112,9%,5,"Mathematics,Medicine,Science",,,
zero.sale,available,112,49%,4,Mathematics,,,
above.sale,available,112,22%,5,Business,,,
hotshot.sale,available,112,14%,7,"Business,Entertainment,Sports",,,
abstract.sale,available,108,29%,8,"Arts,Humanities,Science",,,
abiding.sale,available,106,5%,7,"General,Religion",,,
expert.sale,available,104,26%,6,"Business,Education,Technology",,,
teen.sale,available,104,14%,4,"Education,Entertainment,Healthcare",,,
active.sale,resell,104,27%,6,"Health and Fitness,Sports,Travel",30/11/2020 13:34,30/11/2025 13:34,"Chengdu West Dimension Digital Technology Co., Ltd."
eight.sale,available,102,23%,5,"General,Mathematics",,,
captive.sale,available,102,14%,7,"Entertainment,Hospitality,Technology",,,
absent.sale,available,102,8%,6,"Business,Education,Technology",,,
extra.sale,available,102,26%,5,"Fashion,Retail,Technology",,,
abrupt.sale,available,100,3%,6,"Medicine,Science",,,
ninth.sale,available,100,9%,5,Mathematics,,,
remove.sale,available,100,13%,6,"Construction,Manufacturing,Technology",,,
sixth.sale,available,100,8%,5,Mathematics,,,
eighth.sale,available,100,6%,6,Mathematics,,,
whiz.sale,available,100,12%,4,"Business,Education,Technology",,,
third.sale,available,100,16%,5,Mathematics,,,
adjunct.sale,available,100,5%,7,Education,,,
genius.sale,available,98,46%,6,"Arts,Education,Technology",,,
whizz.sale,available,98,11%,5,"Business,Education,Technology",,,
doable.sale,available,96,9%,6,"Business,Education,Technology",,,
academic.sale,available,96,20%,8,"Education,Humanities,Science",,,
actual.sale,available,96,22%,6,"Real Estate,Retail,Technology",,,
forgiving.sale,available,96,3%,9,"Healthcare,Religion",,,
adequate.sale,available,94,9%,8,"Education,Healthcare,Technology",,,
virtuoso.sale,available,94,16%,8,"Arts,Entertainment",,,
around.sale,available,94,22%,6,"Business,General,Media,Technology",,,
about.sale,available,94,28%,5,"Business,General,Media,Technology",,,
abject.sale,available,94,7%,6,Humanities,,,
adept.sale,available,92,24%,5,"Education,Health and Fitness,Sports",,,
exemplary.sale,available,92,5%,9,"Business,Education,Healthcare",,,
neutral.sale,available,92,20%,7,"Business,Media,Politics",,,
adjective.sale,available,92,5%,9,Education,,,
nought.sale,available,92,4%,6,Mathematics,,,
derelict.sale,available,92,7%,8,"Construction,Real Estate",,,
abroad.sale,available,92,12%,6,"Hospitality,Travel",,,
twentieth.sale,available,92,3%,9,Mathematics,,,
gripping.sale,available,90,3%,8,"Entertainment,Media,Technology",,,
abortive.sale,available,90,1%,8,"Medicine,Science",,,
leash.sale,available,90,7%,5,"General,Health and Fitness,Retail",,,
riveting.sale,available,90,6%,8,"Entertainment,Media,Technology",,,
addictive.sale,available,90,9%,9,Healthcare,,,
adoring.sale,available,90,2%,7,"Entertainment,Fashion,Retail",,,
endearing.sale,available,90,1%,9,"Entertainment,Fashion,Retail",,,
adlib.sale,available,88,7%,6,Entertainment,,,
proficient.sale,available,88,8%,10,"Education,Health and Fitness,Sports",,,
hundred.sale,available,88,14%,7,Mathematics,,,
eleven.sale,expiring,88,33%,6,Mathematics,03/09/2024 16:18,03/09/2025 16:18,"GoDaddy.com, LLC"
fifteen.sale,available,88,13%,7,Mathematics,,,
actionable.sale,available,88,13%,10,"Business,Law",,,
sixteen.sale,available,88,11%,7,Mathematics,,,
wide.sale,expired,88,18%,4,"Business,Media,Technology",17/06/2020 13:01,17/06/2025 13:01,Dynadot Inc
three.sale,available,88,24%,5,Mathematics,,,
twelve.sale,available,88,18%,6,"General,Mathematics",,,
activist.sale,available,88,12%,8,"Humanities,Politics",,,
recondite.sale,available,86,4%,9,"Arts,Humanities,Science",,,
aboriginal.sale,available,86,10%,10,Humanities,,,
xix.sale,available,86,11%,3,Mathematics,,,
cipher.sale,available,86,29%,6,Mathematics,,,
attendant.sale,available,86,5%,9,"Healthcare,Hospitality,Transportation",,,
extempore.sale,available,86,3%,9,Entertainment,,,
engrossing.sale,available,86,0%,10,"Entertainment,Media,Technology",,,
xiv.sale,available,86,12%,3,Mathematics,,,
adolescent.sale,available,86,3%,10,"Education,Entertainment,Healthcare",,,
intent.sale,available,86,25%,6,"Business,Education,Technology",,,
adjustable.sale,available,84,3%,10,"Manufacturing,Retail,Technology",,,
thousand.sale,available,84,8%,8,Mathematics,,,
sharp.sale,available,84,34%,5,"Arts,Fashion",,,
accessory.sale,available,84,8%,9,"Fashion,Retail,Technology",,,
seventeen.sale,available,84,7%,9,Mathematics,,,
acting.sale,available,84,12%,6,Entertainment,,,
twentyone.sale,available,84,13%,10,Mathematics,,,
thirteen.sale,available,84,10%,8,Mathematics,,,
deviate.sale,available,84,12%,7,"Medicine,Science",,,
nineteen.sale,available,84,8%,8,Mathematics,,,
grand.sale,available,84,25%,5,"Finance,General",,,
fourteen.sale,available,84,8%,8,Mathematics,,,
twentytwo.sale,available,84,11%,10,Mathematics,,,
abkhaz.sale,available,82,1%,6,Geography,,,
impromptu.sale,available,82,16%,9,Entertainment,,,
cleansing.sale,available,82,3%,9,Health and Fitness,,,
altered.sale,available,82,9%,7,"Medicine,Science",,,
decade.sale,available,82,10%,6,Mathematics,,,
enduring.sale,available,82,9%,8,"Health and Fitness,Religion",,,
fivesome.sale,available,82,1%,8,Sports,,,
abenaki.sale,available,82,2%,7,Geography,,,
absorbent.sale,available,82,3%,9,"Healthcare,Manufacturing,Retail",,,
dozen.sale,available,82,10%,5,Mathematics,,,
abdominal.sale,available,82,1%,9,"Health and Fitness,Medicine",,,
abroach.sale,available,82,1%,7,Food and Beverage,,,
abundant.sale,available,80,19%,8,"Agriculture,Manufacturing,Retail",,,
wiz.sale,available,80,30%,3,"Business,Education,Technology",,,
twenty.sale,available,80,12%,6,Mathematics,,,
two.sale,available,80,24%,3,Mathematics,,,
able.sale,resell,80,29%,4,"Business,Education,General,Technology",04/01/2025 15:15,04/01/2026 15:15,"Sav.com, LLC - 34"
superstar.sale,available,80,18%,9,Entertainment,,,
capable.sale,available,80,12%,7,"Business,Education,Technology",,,
nine.sale,available,80,24%,4,"General,Mathematics",,,
worshipful.sale,available,80,1%,10,"Education,Healthcare,Religion",,,
forty.sale,available,80,9%,5,Mathematics,,,
some.sale,expiring,80,32%,4,"Business,Media,Retail",07/09/2024 23:57,07/09/2025 23:57,"Chengdu West Dimension Digital Technology Co., Ltd."
adoptable.sale,available,80,3%,9,"Education,Healthcare",,,
dorsal.sale,available,80,6%,6,"Medicine,Science",,,
sequent.sale,available,80,7%,7,"Healthcare,Insurance,Transportation",,,
seventh.sale,available,80,10%,7,Mathematics,,,
absorbable.sale,available,80,0%,10,"Healthcare,Pharmaceuticals,Science",,,
absurd.sale,available,80,16%,6,"Arts,Entertainment,Media",,,
trio.sale,available,80,21%,4,Entertainment,,,
dormant.sale,available,78,4%,7,"Medicine,Science",,,
abkhasian.sale,available,78,1%,9,Geography,,,
twentysix.sale,available,78,8%,10,Mathematics,,,
accepted.sale,available,78,6%,8,"Business,Education,Technology",,,
acceptant.sale,available,78,1%,9,"Education,Healthcare",,,
abounding.sale,available,78,2%,9,Agriculture,,,
athletic.sale,available,78,15%,8,"Health and Fitness,Sports",,,
acceptable.sale,available,78,5%,10,"Business,Hospitality,Retail",,,
adrenal.sale,available,78,4%,7,"Education,Healthcare,Science",,,
accidental.sale,available,78,11%,10,"Healthcare,Insurance,Transportation",,,
abkhazian.sale,available,78,1%,9,Geography,,,
adorable.sale,available,78,8%,8,"Entertainment,Fashion,Retail",,,
accessible.sale,available,78,21%,10,"Healthcare,Retail,Technology",,,
recognized.sale,available,78,3%,10,"Business,Education,Technology",,,
recognised.sale,available,78,3%,10,"Business,Education,Technology",,,
sixtynine.sale,available,78,8%,10,Mathematics,,,
adjacent.sale,available,78,9%,8,"Construction,Real Estate,Retail",,,
accurate.sale,available,78,16%,8,"Engineering,Mathematics,Science",,,
absorptive.sale,available,78,1%,10,"Healthcare,Manufacturing,Retail",,,
honestly.sale,available,78,9%,8,"Business,Law",,,
addable.sale,available,76,2%,7,"Engineering,Mathematics,Science",,,
threed.sale,available,76,7%,7,Technology,,,
fifteenth.sale,available,76,2%,9,Mathematics,,,
ventral.sale,available,76,3%,7,Science,,,
abrasive.sale,available,76,6%,8,"Construction,Manufacturing",,,
adaptive.sale,available,76,28%,8,"Business,Education,Technology",,,
ague.sale,available,76,2%,4,"Geography,Medicine,Science",,,
resultant.sale,available,76,2%,9,"Healthcare,Insurance,Transportation",,,
adherent.sale,available,76,4%,8,"Politics,Religion",,,
ancillary.sale,available,76,6%,9,"Healthcare,Manufacturing,Technology",,,
diamond.sale,available,76,32%,7,Fashion,,,
hundredth.sale,available,76,1%,9,Mathematics,,,
eighteen.sale,available,76,7%,8,Mathematics,,,
adhesive.sale,available,76,7%,8,"Construction,Manufacturing,Technology",,,
fourteenth.sale,available,76,1%,10,Mathematics,,,
adipose.sale,available,76,2%,7,"Healthcare,Science",,,
thousandth.sale,available,76,1%,10,Mathematics,,,
incidental.sale,available,76,4%,10,"Healthcare,Insurance,Transportation",,,
nineteenth.sale,available,76,3%,10,Mathematics,,,
auxiliary.sale,available,76,7%,9,"Healthcare,Manufacturing,Technology",,,
energizing.sale,available,76,3%,10,"Food and Beverage,Health and Fitness,Travel",,,
adaptable.sale,available,76,9%,9,"Business,Education,Technology",,,
acoustic.sale,available,76,14%,8,Science,,,
firstrate.sale,available,76,6%,10,Business,,,
thirteenth.sale,available,76,4%,10,Mathematics,,,
improvise.sale,available,76,4%,9,Entertainment,,,
obscene.sale,available,76,5%,7,"Entertainment,Media",,,
adapted.sale,available,74,6%,7,"Healthcare,Manufacturing,Technology",,,
realizable.sale,available,74,1%,10,"Business,Education,Technology",,,
acuate.sale,available,74,2%,6,"Engineering,Medicine,Science",,,
abnormal.sale,available,74,16%,8,"Medicine,Science",,,
aberrant.sale,available,74,6%,8,"Medicine,Science",,,
achievable.sale,available,74,4%,10,"Business,Education,Technology",,,
skilful.sale,available,74,3%,7,"Education,Health and Fitness,Sports",,,
cleared.sale,available,74,7%,7,"Healthcare,Law,Transportation",,,
adenoid.sale,available,74,1%,7,"Health and Fitness,Medicine,Science",,,
mavin.sale,available,74,7%,5,"Entertainment,Fashion,Technology",,,
broad.sale,available,74,13%,5,"Entertainment,General,Media",,,
accepting.sale,available,74,3%,9,"Education,Healthcare",,,
admirable.sale,available,74,5%,9,"Business,Education,Healthcare",,,
activated.sale,available,74,9%,9,"Healthcare,Manufacturing,Technology",,,
adrenergic.sale,available,74,1%,10,"Education,Healthcare,Science",,,
manageable.sale,available,74,4%,10,"Business,Education,Technology",,,
sensation.sale,available,74,7%,9,"Entertainment,Media,Sports",,,
playing.sale,available,74,12%,7,Entertainment,,,
deep.sale,resell,72,41%,4,"Engineering,Mathematics,Science",19/09/2024 17:00,19/09/2025 17:00,"Sav.com, LLC - 15"
adjectival.sale,available,72,1%,10,Education,,,
seventieth.sale,available,72,1%,10,Mathematics,,,
adiabatic.sale,available,72,3%,9,"Engineering,Science",,,
ninetieth.sale,available,72,1%,9,Mathematics,,,
improvize.sale,available,72,1%,9,Entertainment,,,
engrossed.sale,available,72,1%,9,"Entertainment,Media,Technology",,,
adaptative.sale,available,72,1%,10,"Business,Education,Technology",,,
ternary.sale,available,72,7%,7,Mathematics,,,
eightieth.sale,available,72,1%,9,Mathematics,,,
addicted.sale,available,72,9%,8,Healthcare,,,
aching.sale,available,72,4%,6,Healthcare,,,
accusative.sale,available,72,0%,10,"Humanities,Law",,,
ablaze.sale,available,72,6%,6,Entertainment,,,
abreast.sale,available,72,2%,7,"Business,Technology",,,
accustomed.sale,available,72,1%,10,"Business,Education,Humanities",,,
trey.sale,available,72,14%,4,Sports,,,
adonic.sale,available,72,2%,6,"Arts,Education,Entertainment",,,
adjunctive.sale,available,72,1%,10,"Healthcare,Manufacturing,Technology",,,
existent.sale,available,72,3%,8,"Mathematics,Science",,,
absolutist.sale,available,72,1%,10,"Humanities,Law,Politics",,,
absorbed.sale,available,72,2%,8,"Entertainment,Media,Technology",,,
abloom.sale,available,72,5%,6,Agriculture,,,
trinity.sale,available,72,18%,7,Religion,,,
sixtieth.sale,available,72,1%,8,Mathematics,,,
practiced.sale,available,70,3%,9,"Education,Health and Fitness,Sports",,,
admired.sale,available,70,5%,7,"Business,Education,Healthcare",,,
adamantine.sale,available,70,4%,10,Religion,,,
accumbent.sale,available,70,1%,9,"Healthcare,Medicine,Science",,,
abradant.sale,available,70,1%,8,"Construction,Manufacturing",,,
consequent.sale,available,70,3%,10,"Business,Education,General,Technology",,,
recumbent.sale,available,70,2%,9,"Healthcare,Medicine,Science",,,
gymnastic.sale,available,70,3%,9,"Entertainment,Sports",,,
miserable.sale,available,70,4%,9,Humanities,,,
lowdown.sale,available,70,6%,8,"Entertainment,Media",,,
offhand.sale,available,70,2%,7,Entertainment,,,
adjusted.sale,available,70,5%,8,"Manufacturing,Retail,Technology",,,
skillful.sale,available,70,9%,8,"Education,Health and Fitness,Sports",,,
absorbing.sale,available,70,3%,9,"Entertainment,Media,Technology",,,
acuminate.sale,available,70,1%,9,"Engineering,Medicine,Science",,,
adored.sale,available,70,6%,6,"Entertainment,Fashion,Retail",,,
abulic.sale,available,70,1%,6,Medicine,,,
stillborn.sale,available,70,2%,9,"Medicine,Science",,,
acerate.sale,available,68,1%,7,Science,,,
decorated.sale,available,68,3%,9,"Entertainment,Fashion,Retail",,,
scurvy.sale,available,68,3%,6,Humanities,,,
aroused.sale,available,68,3%,7,"Entertainment,Health and Fitness",,,
thirtieth.sale,available,68,1%,9,Mathematics,,,
sevener.sale,available,68,1%,7,Mathematics,,,
septenary.sale,available,68,1%,9,Mathematics,,,
foursome.sale,available,68,4%,8,Sports,,,
activating.sale,available,68,3%,10,"Healthcare,Manufacturing,Technology",,,
abducent.sale,available,68,0%,8,Medicine,,,
stygian.sale,available,68,5%,7,Humanities,,,
vindicated.sale,available,68,2%,10,"Humanities,Law,Politics",,,
licenced.sale,available,68,2%,8,"Business,Healthcare,Insurance",,,
licensed.sale,available,68,5%,8,"Business,Healthcare,Insurance",,,
ennead.sale,available,68,5%,6,Mathematics,,,
achaian.sale,available,68,2%,7,Humanities,,,
aberdonian.sale,available,68,1%,10,Geography,,,
octonary.sale,available,68,1%,8,Mathematics,,,
overseas.sale,available,68,12%,8,"Hospitality,Travel",,,
aculeate.sale,available,68,1%,8,"Engineering,Medicine,Science",,,
ane.sale,available,68,12%,3,Mathematics,,,
fiftieth.sale,available,68,0%,8,Mathematics,,,
disciple.sale,available,68,14%,8,"Education,Religion",,,
accredited.sale,available,68,9%,10,"Business,Education,Healthcare",,,
ablative.sale,available,68,3%,8,Science,,,
threesome.sale,available,68,5%,9,Entertainment,,,
achaean.sale,available,68,2%,7,Humanities,,,
abkhas.sale,available,68,0%,6,Geography,,,
fortieth.sale,available,68,0%,8,Mathematics,,,
abnaki.sale,available,68,1%,6,Geography,,,
xxii.sale,available,66,6%,4,Mathematics,,,
according.sale,available,66,3%,9,"Business,Education,Technology",,,
thirty.sale,available,66,8%,6,Mathematics,,,
buzzing.sale,available,66,7%,7,"Entertainment,Media,Technology",,,
acervate.sale,available,66,1%,8,Science,,,
deuce.sale,available,66,9%,5,Sports,,,
xxvi.sale,available,66,3%,4,Mathematics,,,
eighty.sale,available,66,6%,6,Mathematics,,,
tenner.sale,available,66,5%,6,Finance,,,
xvi.sale,available,66,5%,3,Mathematics,,,
ninety.sale,available,66,11%,6,Mathematics,,,
sextet.sale,available,66,1%,6,Entertainment,,,
xiii.sale,available,66,9%,4,Mathematics,,,
abstinent.sale,available,66,1%,9,"Health and Fitness,Religion",,,
xxv.sale,available,66,6%,3,Mathematics,,,
latest.sale,available,66,18%,6,Technology,,,
six.sale,available,66,26%,3,Mathematics,,,
xviii.sale,available,66,5%,5,Mathematics,,,
modish.sale,available,66,5%,6,Fashion,,,
xii.sale,available,66,10%,3,Mathematics,,,
adorned.sale,available,66,5%,7,"Entertainment,Fashion,Retail",,,
teenager.sale,available,66,4%,8,"Education,Entertainment,Healthcare",,,
fifty.sale,available,66,12%,5,Mathematics,,,
century.sale,available,66,17%,7,Education,,,
exonerated.sale,available,66,2%,10,"Humanities,Law,Politics",,,
adopted.sale,available,66,4%,7,"Education,Healthcare",,,
acrobatic.sale,available,66,4%,9,"Entertainment,Sports",,,
xvii.sale,available,66,5%,4,Mathematics,,,
acappella.sale,available,66,6%,10,Entertainment,,,
xxi.sale,available,66,10%,3,Mathematics,,,
performing.sale,available,66,6%,10,Entertainment,,,
accessary.sale,available,66,1%,9,"Business,Law,Technology",,,
onec.sale,available,66,6%,5,Mathematics,,,
accordant.sale,available,64,3%,9,"Arts,Entertainment",,,
absolved.sale,available,64,1%,8,"Humanities,Law,Religion",,,
adagio.sale,available,64,14%,6,Entertainment,,,
astringent.sale,available,64,1%,10,"Healthcare,Pharmaceuticals",,,
deviant.sale,available,64,12%,7,"Medicine,Science",,,
rising.sale,available,64,18%,6,"Construction,Manufacturing,Real Estate",,,
acentric.sale,available,64,2%,8,Science,,,
nondrinker.sale,available,64,1%,10,"Health and Fitness,Religion",,,
aflame.sale,available,64,3%,6,Entertainment,,,
scatty.sale,available,64,1%,6,"Arts,Entertainment,Media",,,
nail.sale,available,62,16%,4,"Construction,Fashion,General,Retail",,,
admissible.sale,available,62,1%,10,"Education,Healthcare,Law",,,
playacting.sale,available,62,1%,10,Entertainment,,,
eighteenth.sale,available,62,1%,10,Mathematics,,,
acidic.sale,available,62,5%,6,"Food and Beverage,Science",,,
ensuant.sale,available,62,1%,7,"Healthcare,Insurance,Transportation",,,
orso.sale,available,62,9%,5,"Business,Media,Technology",,,
sixteenth.sale,available,62,1%,9,Mathematics,,,
chiliad.sale,available,62,2%,7,Mathematics,,,
activation.sale,available,62,16%,10,"Healthcare,Manufacturing,Technology",,,
aborigine.sale,available,62,1%,9,Humanities,,,
activistic.sale,available,62,1%,10,"Humanities,Politics",,,
adoptive.sale,available,62,1%,8,"Education,Healthcare",,,
quartet.sale,available,62,7%,7,"Arts,Entertainment",,,
eleventh.sale,available,62,5%,8,Mathematics,,,
abo.sale,available,62,15%,3,Science,,,
twodozen.sale,available,62,1%,9,Mathematics,,,
fortyfour.sale,available,62,6%,10,Mathematics,,,
wrapped.sale,available,62,13%,7,"Fashion,Hospitality,Retail",,,
cumulative.sale,available,62,2%,10,"Banking,Finance,Insurance",,,
longdozen.sale,available,62,2%,10,Mathematics,,,
accusing.sale,available,62,1%,8,Law,,,
aufait.sale,available,62,3%,7,"Fashion,Media",,,
exculpated.sale,available,62,1%,10,"Humanities,Law,Politics",,,
pungent.sale,available,62,1%,7,Food and Beverage,,,
troika.sale,available,62,8%,6,Politics,,,
roughly.sale,available,62,3%,7,"Business,Media,Technology",,,
adjuvant.sale,available,62,5%,8,"Healthcare,Manufacturing,Technology",,,
accrued.sale,available,62,2%,7,"Banking,Finance,Insurance",,,
octet.sale,available,60,12%,5,Arts,,,
clxxx.sale,available,60,1%,5,Mathematics,,,
cxx.sale,available,60,10%,3,Mathematics,,,
cxxx.sale,available,60,4%,4,Mathematics,,,
paunchy.sale,available,60,0%,7,"Health and Fitness,Medicine",,,
annexal.sale,available,60,1%,7,"Agriculture,Manufacturing,Retail",,,
cxl.sale,available,60,7%,3,Mathematics,,,
cxlv.sale,available,60,2%,4,Mathematics,,,
adnate.sale,available,60,1%,6,"Agriculture,Manufacturing,Retail",,,
cxv.sale,available,60,4%,3,Mathematics,,,
idolized.sale,available,60,3%,8,"Entertainment,Fashion,Retail",,,
cxxxv.sale,available,60,2%,5,Mathematics,,,
abstainer.sale,available,60,0%,9,"Health and Fitness,Religion",,,
abstemious.sale,available,60,0%,10,"Food and Beverage,Health and Fitness,Hospitality",,,
cautionary.sale,available,60,1%,10,"Business,Education,Healthcare",,,
xcl.sale,available,60,5%,3,Mathematics,,,
abashed.sale,available,60,1%,7,Humanities,,,
thou.sale,available,60,7%,4,Mathematics,,,
clx.sale,available,60,10%,3,Mathematics,,,
clxx.sale,available,60,3%,4,Mathematics,,,
sixty.sale,available,60,13%,5,Mathematics,,,
tertiary.sale,available,60,4%,8,Education,,,
acceptive.sale,available,60,1%,9,"Education,Healthcare",,,
clxv.sale,available,60,1%,4,Mathematics,,,
aboveboard.sale,available,60,5%,10,"Business,Law",,,
idolised.sale,available,60,1%,8,"Entertainment,Fashion,Retail",,,
eightysix.sale,available,60,7%,10,Mathematics,,,
adnexal.sale,available,60,1%,7,"Agriculture,Manufacturing,Retail",,,
cxxv.sale,available,60,1%,4,Mathematics,,,
clxxv.sale,available,60,1%,5,Mathematics,,,
tercet.sale,available,59,2%,6,"Arts,Entertainment,Media",,,
adjustive.sale,available,58,1%,9,"Manufacturing,Retail,Technology",,,
cypher.sale,available,58,29%,6,Mathematics,,,
niner.sale,available,58,5%,5,Mathematics,,,
justabout.sale,available,58,3%,10,"Business,Media,Technology",,,
offhanded.sale,available,58,1%,9,Entertainment,,,
lxxx.sale,available,58,2%,4,Mathematics,,,
super.sale,resell,58,47%,5,Business,27/04/2015 08:44,27/04/2026 08:44,1API GmbH
alacarte.sale,available,58,11%,10,Food and Beverage,,,
seventy.sale,available,58,7%,7,Mathematics,,,
acyclic.sale,available,58,4%,7,"Engineering,Mathematics,Science",,,
quintet.sale,available,58,8%,7,"Arts,Entertainment",,,
pentad.sale,available,58,2%,6,Mathematics,,,
abused.sale,available,58,5%,6,"Healthcare,Law",,,
eighter.sale,available,58,2%,7,Mathematics,,,
centesimal.sale,available,58,1%,10,Mathematics,,,
lxxviii.sale,available,58,1%,7,Mathematics,,,
adhoc.sale,available,58,24%,6,"Business,Engineering,Technology",,,
aucourant.sale,available,58,3%,10,"Fashion,Media",,,
accoutred.sale,available,58,1%,9,"Fashion,Manufacturing,Retail",,,
seven.sale,available,58,36%,5,Mathematics,,,
sixtyone.sale,available,58,3%,9,Mathematics,,,
fourscore.sale,available,58,4%,9,Mathematics,,,
addible.sale,available,58,2%,7,"Engineering,Mathematics,Science",,,
abuzz.sale,available,58,5%,5,"Entertainment,Media,Technology",,,
linear.sale,available,58,22%,6,"Engineering,Mathematics,Science",,,
adient.sale,available,58,4%,6,"Medicine,Science",,,
abandoned.sale,available,58,10%,9,"Construction,Real Estate",,,
closeto.sale,available,58,3%,8,"Business,Media,Technology",,,
actuarial.sale,available,58,8%,9,"Finance,Insurance,Mathematics",,,
abridged.sale,available,58,4%,8,Media,,,
octad.sale,available,58,5%,5,Mathematics,,,
enwrapped.sale,available,58,0%,9,"Entertainment,Fashion,Media",,,
heptad.sale,available,58,1%,6,Mathematics,,,
sixer.sale,available,58,5%,5,Sports,,,
ache.sale,available,58,7%,4,Healthcare,,,
accented.sale,available,58,3%,8,"Arts,Entertainment",,,
accretive.sale,available,58,6%,9,"Banking,Finance,Insurance",,,
sextuplet.sale,available,58,1%,9,Healthcare,,,
twelfth.sale,available,58,2%,7,Mathematics,,,
tetrad.sale,available,58,5%,6,Mathematics,,,
fourth.sale,available,58,13%,6,Mathematics,,,
fifth.sale,available,58,12%,5,Mathematics,,,
hexad.sale,available,58,4%,5,Mathematics,,,
addressed.sale,available,58,3%,9,"Business,Technology,Telecommunications",,,
acetic.sale,available,58,1%,6,"Food and Beverage,Science",,,
lvi.sale,available,56,8%,3,Mathematics,,,
fiftyfive.sale,available,56,7%,10,Mathematics,,,
thirtyone.sale,available,56,5%,10,Mathematics,,,
halfdozen.sale,available,56,1%,10,Mathematics,,,
triad.sale,available,56,15%,5,Arts,,,
fiftysix.sale,available,56,4%,9,Mathematics,,,
fortyone.sale,available,56,4%,9,Mathematics,,,
potbellied.sale,available,56,0%,10,"Health and Fitness,Medicine",,,
fiftyfour.sale,available,56,3%,10,Mathematics,,,
fiftynine.sale,available,56,4%,10,Mathematics,,,
addled.sale,available,56,2%,6,Entertainment,,,
xxvii.sale,available,56,3%,5,Mathematics,,,
xxiv.sale,available,56,5%,4,Mathematics,,,
lvii.sale,available,56,1%,4,Mathematics,,,
xxxi.sale,available,56,9%,4,Mathematics,,,
xxiii.sale,available,56,5%,5,Mathematics,,,
maledict.sale,available,56,1%,8,Religion,,,
ilx.sale,available,56,5%,3,Mathematics,,,
lii.sale,available,56,7%,3,Mathematics,,,
xxxiv.sale,available,56,1%,5,Mathematics,,,
xxxvii.sale,available,56,2%,6,Mathematics,,,
aone.sale,available,56,15%,5,Food and Beverage,,,
admissive.sale,available,56,1%,9,"Education,Healthcare,Hospitality",,,
appressed.sale,available,56,0%,9,"Agriculture,Manufacturing,Retail",,,
xli.sale,available,56,5%,3,Mathematics,,,
xxxiii.sale,available,56,2%,6,Mathematics,,,
xliii.sale,available,56,1%,5,Mathematics,,,
admittable.sale,available,56,1%,10,"Education,Healthcare,Hospitality",,,
thirtytwo.sale,available,56,5%,10,Mathematics,,,
xxxii.sale,available,56,1%,5,Mathematics,,,
xxix.sale,available,56,4%,4,Mathematics,,,
xlii.sale,available,56,5%,4,Mathematics,,,
fortytwo.sale,available,56,17%,9,Mathematics,,,
liii.sale,available,56,4%,4,Mathematics,,,
xxxviii.sale,available,56,1%,7,Mathematics,,,
terzetto.sale,available,56,3%,8,Arts,,,
xlv.sale,available,56,6%,3,Mathematics,,,
abdominous.sale,available,56,0%,10,"Health and Fitness,Medicine",,,
thirtysix.sale,available,56,5%,10,Mathematics,,,
xxxvi.sale,available,56,1%,5,Mathematics,,,
fortynine.sale,available,56,3%,10,Mathematics,,,
xxxv.sale,available,56,4%,4,Mathematics,,,
xlvii.sale,available,56,2%,5,Mathematics,,,
xxviii.sale,available,56,1%,6,Mathematics,,,
xliv.sale,available,56,2%,4,Mathematics,,,
fortysix.sale,available,56,3%,9,Mathematics,,,
abeyant.sale,available,56,1%,7,"Business,Law",,,
xlviii.sale,available,56,1%,6,Mathematics,,,
xlvi.sale,available,56,3%,4,Mathematics,,,
fiftytwo.sale,available,56,6%,9,Mathematics,,,
lviii.sale,available,56,1%,5,Mathematics,,,
admittible.sale,available,56,1%,10,"Education,Healthcare,Hospitality",,,
accoutered.sale,available,56,0%,10,"Fashion,Manufacturing,Retail",,,
ternion.sale,available,54,3%,7,Mathematics,,,
abasic.sale,available,54,1%,6,Science,,,
vii.sale,available,54,13%,3,Mathematics,,,
abatable.sale,available,54,1%,8,Law,,,
adductive.sale,available,54,0%,9,"Engineering,Mathematics,Science",,,
quaternion.sale,available,54,6%,10,Mathematics,,,
scratchy.sale,available,54,3%,8,Fashion,,,
deserted.sale,available,54,3%,8,"Hospitality,Real Estate",,,
abaxial.sale,available,54,1%,7,Science,,,
actuated.sale,available,54,2%,8,"Automotive,Manufacturing,Technology",,,
quatern.sale,available,54,2%,7,Mathematics,,,
abhorrent.sale,available,54,1%,9,Humanities,,,
viii.sale,available,54,6%,4,Mathematics,,,
quadruplet.sale,available,54,1%,10,"Healthcare,Medicine,Science",,,
deuceace.sale,available,54,2%,9,Sports,,,
achy.sale,available,54,3%,4,Healthcare,,,
abatic.sale,available,54,1%,6,Science,,,
abducens.sale,available,54,1%,8,Medicine,,,
abient.sale,available,54,1%,6,Science,,,
quaternity.sale,available,54,4%,10,Mathematics,,,
achromatic.sale,available,54,4%,10,Science,,,
unnatural.sale,available,54,4%,9,"Medicine,Science",,,
aboral.sale,available,54,2%,6,Science,,,
adjuratory.sale,available,54,0%,10,"Law,Politics,Religion",,,
quintuplet.sale,available,54,1%,10,"Healthcare,Medicine,Science",,,
adducting.sale,available,54,1%,9,"Engineering,Mathematics,Science",,,
threescore.sale,available,54,1%,10,Mathematics,,,
acoustical.sale,available,54,4%,10,Science,,,
admonitory.sale,available,54,0%,10,"Business,Education,Healthcare",,,
accursed.sale,available,54,3%,8,"Entertainment,Media,Religion",,,
fortyfive.sale,available,54,4%,10,Mathematics,,,
sise.sale,available,54,5%,4,Mathematics,,,
adaxial.sale,available,54,2%,7,Science,,,
accentual.sale,available,54,3%,9,"Arts,Entertainment",,,
adducent.sale,available,54,1%,8,"Engineering,Mathematics,Science",,,
monitory.sale,available,54,3%,8,"Business,Education,Healthcare",,,
adpressed.sale,available,54,0%,9,"Agriculture,Manufacturing,Retail",,,
twoscore.sale,available,54,2%,8,Mathematics,,,
topnotch.sale,available,54,18%,8,Business,,,
septet.sale,available,53,1%,6,General,,,
sestet.sale,available,53,1%,6,Arts,,,
xxx.sale,available,53,30%,3,"Arts,Entertainment,Media",,,
sixtytwo.sale,available,52,3%,9,Mathematics,,,
chagrined.sale,available,52,1%,9,Humanities,,,
lxxvii.sale,available,52,2%,6,Mathematics,,,
littlejoe.sale,available,52,2%,10,"Entertainment,Media",,,
sixtysix.sale,available,52,4%,9,Mathematics,,,
eightyone.sale,available,52,3%,10,Mathematics,,,
eightytwo.sale,available,52,4%,10,Mathematics,,,
lxvii.sale,available,52,1%,5,Mathematics,,,
lxiii.sale,available,52,2%,5,Mathematics,,,
lxxxiv.sale,available,52,1%,6,Mathematics,,,
detestable.sale,available,52,1%,10,Humanities,,,
lxxvi.sale,available,52,1%,5,Mathematics,,,
aboulic.sale,available,52,1%,7,Medicine,,,
lxii.sale,available,52,1%,4,Mathematics,,,
xciii.sale,available,52,1%,5,Mathematics,,,
ixl.sale,available,52,9%,3,Mathematics,,,
repulsive.sale,available,52,1%,9,Humanities,,,
repugnant.sale,available,52,1%,9,Humanities,,,
ablated.sale,available,52,1%,7,Science,,,
xci.sale,available,52,4%,3,Mathematics,,,
lxviii.sale,available,52,1%,6,Mathematics,,,
sixtyfour.sale,available,52,3%,10,Mathematics,,,
ninetyone.sale,available,52,5%,10,Mathematics,,,
lxxxvii.sale,available,52,1%,7,Mathematics,,,
odious.sale,available,52,2%,6,"Entertainment,Humanities",,,
xcii.sale,available,52,2%,4,Mathematics,,,
lxxxii.sale,available,52,1%,6,Mathematics,,,
lxxxiii.sale,available,52,1%,7,Mathematics,,,
ninetysix.sale,available,52,4%,10,Mathematics,,,
xciv.sale,available,52,2%,4,Mathematics,,,
lxxxvi.sale,available,52,1%,6,Mathematics,,,
lxxxv.sale,available,52,1%,5,Mathematics,,,
abusive.sale,available,52,3%,7,"Healthcare,Law",,,
lxiv.sale,available,52,3%,4,Mathematics,,,
adenoidal.sale,available,52,1%,9,"Health and Fitness,Medicine,Science",,,
sixtyfive.sale,available,52,3%,10,Mathematics,,,
ninetytwo.sale,available,52,4%,10,Mathematics,,,
lxvi.sale,available,52,3%,4,Mathematics,,,
lxxv.sale,available,52,1%,4,Mathematics,,,
uphill.sale,available,52,7%,6,"Sports,Transportation,Travel",,,
lxv.sale,available,52,5%,3,Mathematics,,,
lxi.sale,available,52,5%,3,Mathematics,,,
abominable.sale,available,52,2%,10,"Entertainment,Humanities",,,
lxxi.sale,available,52,1%,4,Mathematics,,,
xcviii.sale,available,52,1%,6,Mathematics,,,
decumbent.sale,available,52,1%,9,"Healthcare,Medicine,Science",,,
xcv.sale,available,52,7%,3,Mathematics,,,
lxxiii.sale,available,52,1%,6,Mathematics,,,
tierce.sale,available,52,3%,6,General,,,
lxxii.sale,available,52,1%,5,Mathematics,,,
xcvii.sale,available,52,1%,5,Mathematics,,,
ixc.sale,available,52,5%,3,Mathematics,,,
abysmal.sale,available,52,4%,7,"Arts,Entertainment,Media",,,
lxxiv.sale,available,52,1%,5,Mathematics,,,
xcvi.sale,available,52,2%,4,Mathematics,,,
lxxxi.sale,available,52,1%,5,Mathematics,,,
aculeated.sale,available,50,0%,9,"Engineering,Medicine,Science",,,
acapnic.sale,available,50,0%,7,"Healthcare,Medicine,Science",,,
trine.sale,available,50,11%,5,"General,Religion",,,
abbatial.sale,available,50,0%,8,Religion,,,
abomasal.sale,available,50,0%,8,Agriculture,,,
abdicable.sale,available,50,0%,9,Law,,,
acerbic.sale,available,50,2%,7,"Arts,Humanities,Media",,,
spinous.sale,available,50,1%,7,"Agriculture,Science",,,
cinque.sale,available,50,7%,6,Mathematics,,,
aborticide.sale,available,50,0%,10,Medicine,,,
quint.sale,available,50,13%,5,"Arts,Entertainment",,,
gillless.sale,available,50,0%,9,Science,,,
acaudal.sale,available,50,1%,7,"Agriculture,Science",,,
acapnotic.sale,available,50,0%,9,"Healthcare,Medicine,Science",,,
vinegary.sale,available,50,1%,8,Food and Beverage,,,
abactinal.sale,available,50,0%,9,Science,,,
ogdoad.sale,available,50,1%,6,Mathematics,,,
scummy.sale,available,50,1%,6,Humanities,,,
broached.sale,available,50,0%,8,Food and Beverage,,,
acetous.sale,available,50,1%,7,Science,,,
acerose.sale,available,50,1%,7,Science,,,
abducting.sale,available,50,0%,9,Medicine,,,
acquitted.sale,available,50,1%,9,Law,,,
adactylous.sale,available,50,0%,10,Science,,,
acellular.sale,available,50,1%,9,Science,,,
abranchial.sale,available,50,0%,10,Science,,,
acerb.sale,available,50,2%,5,Science,,,
needlelike.sale,available,50,0%,10,"Engineering,Medicine,Science",,,
adhominem.sale,available,50,2%,10,"Humanities,Law,Politics",,,
lxx.sale,available,50,5%,3,Mathematics,,,
acetose.sale,available,50,1%,7,Science,,,
triplet.sale,available,50,8%,7,Science,,,
notguilty.sale,available,48,5%,10,Law,,,
ilxx.sale,available,48,1%,4,Mathematics,,,
execrable.sale,available,48,0%,9,"Entertainment,Humanities",,,
abstracted.sale,available,48,5%,10,"Arts,Humanities,Science",,,
ilxxx.sale,available,48,1%,5,Mathematics,,,
lxxxviii.sale,available,48,1%,8,Mathematics,,,
abyssal.sale,available,48,12%,7,"Arts,Entertainment,Media",,,
apriori.sale,available,48,13%,8,Mathematics,,,
acephalous.sale,available,46,1%,10,Science,,,
acanthous.sale,available,46,0%,9,"Agriculture,Science",,,
acarpous.sale,available,46,0%,8,"Agriculture,Science",,,
acapnial.sale,available,46,0%,8,"Healthcare,Medicine,Science",,,
achenial.sale,available,46,1%,8,Science,,,
stripling.sale,available,46,2%,9,"Education,Entertainment,Healthcare",,,
achromic.sale,available,46,2%,8,Science,,,
acicular.sale,available,46,2%,8,Science,,,
acaudate.sale,available,46,1%,8,"Agriculture,Science",,,
acanthotic.sale,available,46,0%,10,"Agriculture,Science",,,
cotyloid.sale,available,46,1%,8,Science,,,
acanthoid.sale,available,46,1%,9,"Agriculture,Science",,,
acetylic.sale,available,46,1%,8,Science,,,
achromous.sale,available,46,1%,9,Science,,,
theabsurd.sale,available,46,1%,10,"Arts,Entertainment,Media",,,
vinegarish.sale,available,46,1%,10,Food and Beverage,,,
acetabular.sale,available,46,1%,10,Science,,,
acetylenic.sale,available,46,1%,10,Science,,,
acheronian.sale,available,46,1%,10,Humanities,,,
stemless.sale,available,46,2%,8,"Agriculture,Science",,,
acarpelous.sale,available,46,0%,10,"Agriculture,Science",,,
acetonic.sale,available,46,1%,8,Science,,,
quaternary.sale,available,46,3%,10,Mathematics,,,
accusatory.sale,available,44,1%,10,Law,,,
cotyloidal.sale,available,44,1%,10,Science,,,
acherontic.sale,available,44,1%,10,Humanities,,,
phoebe.sale,available,41,14%,6,Science,,,
abscessed.sale,available,41,0%,9,Healthcare,,,
scurrilous.sale,available,40,1%,10,"Entertainment,Media,Politics",,,
accurst.sale,available,40,1%,7,Religion,,,
accusive.sale,available,40,1%,8,Law,,,